R_kpc,Vobs_km_s,sigmaV_km_s,K0_resolved_baryons_U0p6_km_s,K0_resolved_baryons_U0p762_km_s,edge_Upsilon_0.476597_km_s,edge_Upsilon_0.600000_km_s,edge_Upsilon_0.755355_km_s,edge_Upsilon_0.762000_km_s,source_THINGS_gas_map_km_s,source_shorter_stellar_tail_Rd_x0.75_km_s,source_longer_stellar_tail_Rd_x1.25_km_s,finite_0.950_Kcrit_Upsilon_0.762_km_s,finite_0.990_Kcrit_Upsilon_0.762_km_s,finite_0.998_Kcrit_Upsilon_0.762_km_s,coarse_same_domain_edge_Upsilon_0.762_km_s,coarse_larger_domain_edge_Upsilon_0.762_km_s
0.32,24.4,35.9,22.52290841737184,25.384288383636214,19.567606990879906,21.972168857000185,24.668472330042402,24.777256842321076,24.801695004518596,24.779703298816656,24.77497688536242,24.73835256181405,24.76946486376604,24.775698003705823,31.913550846342304,31.913537173133584
0.64,43.3,16.3,36.50117431115729,41.141376743206486,33.68210396642129,37.84030153234202,42.50135536719274,42.6893781056351,42.718378176370244,42.69585859571345,42.683338333485715,42.586221628707925,42.668693827061176,42.685239129308755,44.39187837066102,44.39184805600289
0.96,45.5,16.1,43.52534513506964,49.06529476233134,41.283007723952984,46.40983552048071,52.15398830506168,52.38565225526199,52.39622576076941,52.39731923983803,52.37478415884749,52.20088717603517,52.34855653670293,52.37822738232182,53.38934583218057,53.38929655156362
1.28,58.5,15.4,48.32162599182206,54.48328011394992,46.605470190576355,52.42717158670131,58.94682785559404,59.20971162950824,59.19157535810717,59.22686544110146,59.19374437976452,58.94017836931859,59.155526928693114,59.198863498939325,59.75383348293705,59.753766757716434
1.61,68.8,7.61,51.614667075892335,58.2127652801853,50.567751275262886,56.92394448293837,64.03855033906191,64.32535671074079,64.27952057920815,64.34846400484503,64.30386761965518,63.96580346139299,64.25298341946575,64.31086339163306,64.9282827138545,64.92819678549138
1.93,76.9,10.3,53.60509137901437,60.4801968915034,53.35720726738872,60.10757406229632,67.65937241252828,67.96372934244546,67.91625289803943,67.99285442563783,67.93666814029619,67.51482184384697,67.87326267257373,67.9456083163606,68.19737002632128,68.19726716657884
2.24,82.0,8.09,54.97214162409104,62.04744172799575,55.47056262440314,62.53124858952215,70.42621694200083,70.74433151925902,70.70833443213715,70.77941464009409,70.71176504058072,70.20896702276973,70.6363243361487,70.72269225306711,71.18949123521539,71.18937513045988
2.57,86.9,7.6,56.711647127673345,64.0357554525134,57.93736379008655,65.34957428712995,73.63409555049871,73.96784261894875,73.94423358163786,74.00900828756744,73.92967111091058,73.34683802962502,73.84241484030696,73.94270729433534,73.78713566165028,73.78700519052124
2.89,97.6,3.03,59.12535579150545,66.77777229056873,60.90132315564612,68.71478985751443,77.44583343133908,77.79753290416505,77.76671133263832,77.84424403590916,77.754265521024,77.10080693422346,77.65665089311092,77.76929405012675,77.67907321756995,77.67893358442953
3.21,100.0,5.31,62.019376818758374,70.05058059124097,64.12706400742047,72.36400688077046,81.56767876232071,81.93840446257518,81.92614395127522,81.99061278849346,81.89009580913262,81.1682365578725,81.78248937120249,81.90714485353955,81.82760699465727,81.82746020479814
3.54,107.0,7.51,65.26690755519208,73.70929769115494,67.70253700824433,76.39258425392346,86.10370396620615,86.49488819847618,86.52951498406478,86.55280143380489,86.44135947097779,85.65028249135149,86.32369520286188,86.46055695813116,86.23806010820878,86.23790593657571
3.85,113.0,7.32,68.283099619188,77.0957491695636,71.03291247552957,80.1329448395567,90.3046486697303,90.71442651397012,90.78926873483141,90.77796954140867,90.65575540696096,89.7976458195625,90.5283921346854,90.67711024999997,90.47903627540418,90.47887667346065
4.17,117.0,5.21,71.05526748933512,80.18808036474935,74.22465573543117,83.70228391159284,94.30013856272765,94.72715299105171,94.77737845672868,94.7970149433712,94.66271691860015,93.73028864994876,94.52462776056012,94.68651897995548,94.40061992360994,94.40045462087424
4.5,119.0,5.67,73.59753820520562,83.0138607499729,77.25416314406161,87.08329594578333,98.07877978958616,98.5218927070039,98.51472254142179,98.59875833430756,98.45107767532461,97.43774526626407,98.30136271240623,98.47763506187385,98.0230495733922,98.02287824936309
4.82,127.0,5.39,76.13647693689322,85.84669087665908,80.2328419935517,90.41580087242951,101.81042694117946,102.26968096710931,102.24434389428427,102.3535085790732,102.19254194605573,101.1011395586794,102.03169078991137,102.22190717114931,101.76947991882139,101.76930552405032
5.15,132.0,4.34,78.56301383247394,88.55260729294318,83.13415430703373,93.6619597424362,105.44568203631393,105.92067196035732,105.89577073958877,106.01215855760458,105.83659003195869,104.66114491629025,105.66381969506632,105.86909810547438,105.36098232348476,105.36080467740321
5.46,134.0,2.36,80.57964354616,90.79491203863788,85.65690917466645,96.48158555928526,108.60079979005113,109.0893661920304,109.06737922412401,109.1885927400765,108.99828005507591,107.73940711798373,108.81373119609964,109.0340067851338,108.44976678663198,108.44958676449066
5.78,137.0,0.89,82.5574899898505,92.9905739323257,88.16466109289416,99.2820661125518,111.73244258018455,112.23441609273593,112.20797129961113,112.34203862585768,112.13575242754604,110.78896954280535,111.93889942260608,112.17504761045979,111.4812820874679,111.48110264174151
6.1,140.0,2.84,84.14333659084738,94.73804013086564,90.33963216258329,101.70412543229361,114.43507849528967,114.94842831362557,114.89958639222098,115.0651851000754,114.84154084469465,113.4015466501501,114.63176111844346,114.88479359727245,114.33851110938753,114.33833143988211
6.43,142.0,0.88,85.26645060892415,95.95718782708927,92.17832581442994,103.74435210246824,116.70541191792191,117.22811196321106,117.14530532133324,117.355166249953,117.11197107850874,115.56894081523971,116.88799884330334,117.15974663707186,116.38554664615616,116.3853687961662
6.74,144.0,1.23,86.45104553544206,97.25376588609164,93.99927646077431,105.76947579970285,118.96293390008157,119.49506556919766,119.42642845648133,119.63199603131375,119.370084049613,117.73239398914602,119.13325817457162,119.42231959315421,118.56410296478695,118.56393145836645
7.06,146.0,1.57,87.39128433060722,98.27443962533677,95.63818350576163,107.59125367302387,120.99319445419185,121.53379203904369,121.48494151552495,121.68169870820945,121.39901606871055,119.6596054517232,121.14856899634852,121.4563160529333,120.84298872323532,120.84282252887364
8.04,147.0,3.0,86.62985080123273,97.28841461530145,97.65002316645929,109.79760113333197,123.42827181626184,123.97826490562497,123.97531621558635,124.16713957167562,123.80714681288026,121.71101759776299,123.51036552285558,123.88408168348016,123.02515553276545,123.02502652327631
9.04,148.0,3.0,86.43396235541884,96.89554506741442,99.8415988149664,112.15156348620084,125.98052649864297,126.53878751049297,126.59354118392281,126.77493979838736,126.32640615400133,123.88855394100821,125.98946099590853,126.42811274353416,125.585398617125,125.5853467236167
10.04,152.0,2.0,86.73383813766105,97.02657821239634,102.16652963083018,114.61310345297987,128.61530456154844,129.1808941428267,129.29103734465963,129.47323249133112,128.92040306929493,126.15648945081665,128.55120973419986,129.05391003336396,128.18234866020538,128.18241358526942
11.04,155.0,2.0,87.20892368954222,97.3671232963285,104.44010200745942,117.01835104785476,131.187340699757,131.75998605875515,131.71879078956613,132.12297525144336,131.44039364434508,128.36340648053735,131.04962046628077,131.61659455703105,130.7195228255834,130.7197469950318
12.05,156.0,2.0,88.33150852501277,98.38863488094272,107.07272583742505,119.77839759506672,134.11369605684536,134.69345775048515,134.49404430273609,135.15198393080618,134.2964322889802,130.93075573764884,133.90285335709686,134.5337112809164,133.60822968817507,133.60865995873553
14.05,157.0,2.0,86.96205878104924,96.29566658421963,109.69439738328114,122.29151004510182,136.5533729132511,137.13102101957907,136.98679280152277,138.03520125368354,136.3982185268705,132.5355919642905,136.15695817681868,136.93383398157528,135.93439995235624,135.93540893070005
16.07,153.0,2.0,83.07199530430061,91.68999929926349,109.92692988685587,122.39136132126669,136.52423913699917,137.0970263463097,137.01231931649838,137.85525505372155,136.37079152252454,131.60538516138064,135.92299402294051,136.8589133520286,135.92245841081547,135.9243327480066
18.13,153.0,2.0,79.76855356167458,87.7646642457046,110.13588105060829,122.48107529754287,136.49791482252576,137.06632773358518,136.82473355170794,137.39074429809054,136.5952060280923,130.6837170649564,135.68988489174217,136.7866248650009,135.87618286034893,135.8792516199508
20.05,154.0,2.0,78.17281682537215,85.54117427089274,111.10877116378659,123.25843148841827,137.08785343775068,137.64927913828114,137.55200390690155,137.63070218370342,137.43607200148566,130.47941738409392,136.0903411470204,137.33191176566532,136.42849820743618,136.4329652883565
22.12,153.0,2.0,76.21640107160566,83.01551632282695,111.78996422715528,123.7695574700039,137.43287556313697,137.98804764138265,137.85775523653558,137.72349389595624,138.00626150505317,129.96379009287432,136.2282203978417,137.6290836461206,136.80379227997662,136.81012166202535
24.03,150.0,2.0,73.4050995098901,79.83199538998485,111.51667159498784,123.43419341605862,137.03232726856896,137.58494430758134,137.44316442665692,137.18874648264773,137.7627058047794,128.74629880549512,135.6316860022636,137.1858281702074,136.34672683358812,136.3551491237694
26.1,149.0,2.0,73.47890950677856,79.330560546127,113.11394432988857,124.79409606012338,138.16379932303445,138.70790335756996,138.75167141357812,138.24853816040635,139.00105387680628,129.107308256551,136.56761987248026,138.26968831245281,137.44060955770018,137.45158057692268
28.16,148.0,2.0,73.555319977986,78.91677290484658,114.62602558595619,126.0947197451205,139.2596064964947,139.79605772248985,139.66529060873484,139.3223534303543,140.15701114658253,129.43934265017077,137.46732895963376,139.31830385754765,138.5036253413527,138.51752279690436
30.08,146.0,2.0,72.13460564658511,77.19814994367506,114.99825905206028,126.3773861885436,139.452856517954,139.9859085558195,139.87300553986307,139.52071220310143,140.381084742781,128.86845810642632,137.46719880350594,139.46825397982943,138.6533396681964,138.67041291271047
32.14,147.0,2.0,71.22490993934832,75.97664643444463,115.66527709996375,126.93478426020296,139.90197680218398,140.43094081332234,140.25245335696695,139.98872564816597,140.83924583923374,128.5302181670425,137.7127718674027,139.8712047150324,139.08086946882932,139.10173698875928
34.06,148.0,2.0,70.7828675834511,75.25891680258273,116.46120193998992,127.62168318277173,140.48175905383863,141.0066939582543,140.75944594947256,140.5909470720528,141.41283837603956,128.39842483835977,138.105008626036,140.4080717485256,139.6451178962881,139.6698870788292
36.12,148.0,2.0,69.78888293300912,74.03612833955577,116.93546091596197,128.0199407120325,140.8045073357526,141.32658395329207,141.0847541749746,140.9387403313804,141.72209771788076,127.93860614099744,138.22104807595724,140.6846679819794,139.95105337234952,139.98050372913778
38.19,149.0,2.0,68.0088789665593,72.10037833443576,116.88414132906577,127.94412025506175,140.70284561719524,141.22391001244574,140.98996032675058,140.86110956499346,141.60467098295038,127.01774884803042,137.90345864454127,140.53627376570523,139.84605423537909,139.8807875712343
40.1,150.0,2.0,64.6844130038866,68.75070122069761,115.81874017083749,126.9492392897123,139.77345904976696,140.29689871599956,140.07984488290745,139.95274499806692,140.66396636112307,125.25136293307234,136.75770947156676,139.56277292974227,138.92706701806705,138.96735385284072
42.17,150.0,3.0,61.51802611469357,65.5550588296294,114.8420583475861,126.0386799471461,138.92392977727133,139.44957612923827,139.24687943622234,139.12335921225716,139.80059092879551,123.52739508779209,135.67818409349047,138.66589646503863,138.12679031827548,138.17360944943437
44.08,149.0,3.0,59.36302009831104,63.34444881736888,114.31267957500296,125.54072011059768,138.45419947992414,138.98084914779795,138.78556564821113,138.6694300572597,139.31662440779678,122.3000774300948,135.00404261214766,138.15309925887172,137.67222873023513,137.72551006042772
